{"cameraMode":{"drawMode":0,"name":"Shaded","section":"Shading Mode"},"sceneLighting":true,"audioPlay":false,"sceneViewState":{"m_AlwaysRefresh":false,"showFog":true,"showSkybox":true,"showFlares":true,"showImageEffects":true,"showParticleSystems":true,"showVisualEffectGraphs":true,"m_FxEnabled":true},"in2DMode":false,"pivot":{"x":-8.425309181213379,"y":-0.5204684138298035,"z":-8.320943832397461},"rotation":{"x":0.059438224881887439,"y":-0.8624833822250366,"z":0.10426836460828781,"w":0.4916597902774811},"size":11.764659881591797,"orthographic":false}